abcdehorsty, 150
abceflmort, 103
abceg, 3
abcehlr, 20
abcehlw, 17
abceilmopt, 94
abceilnot, 71
abceiltx, 26
abceirt, 25
abcekos, 16
abcekrt, 19
abcelmnu, 22
abcesu, 12
abcimnot, 35
abcinorstu, 95
abckl, 4
abckp, 4
abclnoy, 23
abcloruvy, 29
abdeghilnstu, 220
abdegr, 17
abdeilops, 55
abdeilrs, 51
abdekory, 31
abdelor, 32
abdly, 9
abefiltu, 35
abefkrst, 37
abeflpr, 18
abefruy, 11
abeglr, 14
abegltv, 20
abehiorv, 20
abeikl, 8
abeilnoqstu, 121
abeilsz, 17
abeilv, 12
abeirtu, 20
abeklmr, 17
abeklnt, 24
abelnrw, 24
abeloprt, 53
abelov, 11
abelow, 12
abelrsu, 29
abelrvy, 21
abelsy, 17
abeluv, 10
abemy, 5
aberstv, 27
abetuy, 9
abflou, 6
abginr, 11
abhlnory, 21
abilnrt, 18
abilrty, 18
abinorw, 19
ablopry, 16
ablorty, 23
acdegirt, 44
acdehlrt, 50
acdeilm, 23
acdeilnty, 58
acdeilptu, 56
acdeinotu, 63
acdeinst, 57
acdelnps, 42
acdelnr, 26
acdemot, 20
acdenv, 9
acdeotv, 12
acdirs, 10
acdorw, 13
acefglmou, 25
acefinst, 45
acefirt, 31
aceflruy, 30
acefrsu, 20
aceghln, 14
aceghnx, 10
aceghoprt, 70
acegilr, 18
aceglnrt, 40
acegoru, 13
acehilprs, 65
acehilt, 21
acehimn, 18
acehimrt, 47
acehimst, 42
acehintuy, 37
acehirtu, 37
acehiv, 5
acehmstu, 41
acehnr, 14
aceilmnru, 45
aceilmor, 31
aceilors, 44
aceilprt, 57
aceilpru, 31
aceilpsy, 33
aceilrtu, 42
aceilrtv, 42
aceilsty, 41
aceinort, 61
aceinrsu, 36
aceiost, 20
aceiqru, 7
acelsu, 14
aceltxy, 13
acemopr, 20
acemrs, 14
acenorst, 70
acenpr, 12
acenrsy, 23
aceprtu, 25
acfilnor, 38
acfilrs, 15
acfilry, 18
acfinort, 46
acforty, 20
acghtu, 8
acgilmnop, 50
acginry, 15
achinps, 13
achlnu, 5
achmnor, 17
achmost, 21
achmpry, 12
achtw, 5
acilmnoptu, 96
acilmnrstu, 69
acilnpr, 19
aciloprt, 44
acilprtu, 29
acilprty, 32
acinoprtu, 72
acinotv, 20
ackns, 6
ackqu, 1
ackst, 8
aclmors, 19
aclnov, 11
aclrw, 5
acltuy, 7
acmops, 10
adefhor, 30
adeflr, 17
adefnt, 14
adefrstw, 51
adegiprt, 45
adeglnorsuy, 146
adegm, 9
adegrtu, 24
adegrty, 25
adehms, 18
adehnp, 15
adeilmty, 41
adeilnrst, 102
adeilprs, 49
adeimnort, 91
adeklt, 15
adeknrs, 26
adelpqru, 20
adempst, 30
adenrstu, 56
adenrtuv, 34
adeoprt, 36
adeprsu, 23
adeprtu, 24
adfilor, 25
adfisty, 18
adhiloy, 18
adhnostu, 34
adhosw, 13
adilnort, 41
adilpry, 18
adilrz, 6
adinopst, 51
adkrw, 5
admrstu, 13
adnopr, 16
adnqrtu, 12
adnw, 4
adortw, 15
aefgilr, 23
aefglrtu, 40
aefhlrs, 25
aefhrt, 18
aefilms, 24
aefilntu, 35
aefinorst, 89
aefiortv, 31
aeflsy, 14
aeghinstux, 74
aeghipst, 43
aeghnox, 14
aeghopry, 25
aeghopsu, 35
aegilnpx, 24
aegilntuv, 47
aegimn, 13
aegimrt, 22
aeginors, 47
aeginorz, 26
aeginpr, 24
aeginrstu, 86
aeginstv, 41
aegmnrtu, 41
aegnopt, 29
aegnrtvx, 27
aegorst, 33
aegovy, 5
aehinps, 20
aehkqrtu, 16
aehks, 7
aehlmpt, 26
aehlnpt, 30
aehmoprt, 56
aehnort, 35
aehnprst, 50
aehnv, 6
aehrsw, 19
aehrtw, 21
aeilmrt, 27
aeilnort, 47
aeilnpr, 25
aeilrz, 6
aeimnost, 61
aeimnpt, 29
aeimnrtu, 39
aeimoprtx, 51
aeimpst, 29
aeinprt, 33
aeinrtv, 24
aeioprsty, 76
aeiprtv, 20
aeipsv, 6
aekmrt, 13
aekprs, 12
aelmnt, 21
aelmpx, 7
aelnoprsy, 68
aelnpst, 37
aelnrtu, 29
aelnrtx, 22
aelprsu, 25
aelrsv, 15
aelrwy, 15
aemnortu, 46
aemnprt, 29
aemnrstu, 55
aemprtu, 22
aenptu, 15
aenrstv, 32
aenrsw, 16
aeoqrtu, 14
aeprstu, 33
aeqrsu, 9
aevw, 2
afgimny, 11
afginrstu, 50
afhinos, 14
afhklntuy, 22
afhlmru, 9
afilmr, 11
afilmy, 9
afilnpuy, 26
afimnort, 39
afinotu, 20
aflmoru, 19
aflmory, 20
aflorv, 11
afluw, 5
aghirst, 23
aghiwy, 6
agilmns, 21
agilort, 20
agilty, 5
agimnors, 35
agimnort, 38
agimw, 2
aginotv, 15
agirtvy, 7
agknor, 7
aglopy, 12
aglxy, 3
ahilopst, 47
ahilpy, 8
ahimopstu, 52
ahinsv, 6
ahkrs, 3
ahlwy, 6
ahmnu, 3
ahnopr, 11
ahortu, 12
ahqsu, 4
aijmorty, 19
ailmprt, 19
ailnps, 14
ailnqrtu, 19
aimnoprt, 48
aimnostu, 40
aimnstv, 15
ainoprst, 61
ainqtuy, 9
aitw, 2
ajnruy, 7
aklw, 3
akms, 3
almnor, 11
almost, 18
alrsuw, 9
alswy, 8
amnorsty, 36
amnow, 6
amrsuy, 8
amrw, 2
antw, 3
aprw, 2
bcdeirs, 19
bcdemr, 6
bcegir, 6
bcehilmnoprs, 148
bceily, 7
bcejot, 5
bcelmru, 9
bcikr, 2
bcilptuy, 18
bcinoprstu, 75
bcklo, 7
bcowy, 3
bdegir, 12
bdeilsv, 18
bdenru, 11
bdeorvy, 17
befgint, 20
beflrtuy, 28
beghinor, 32
beghinrst, 69
begilr, 10
beglmru, 12
beglno, 11
behrsu, 13
beilnsv, 17
beirsu, 10
beknot, 13
belmtu, 11
belopu, 9
belortu, 23
bemnorv, 22
bemnru, 8
bemprst, 15
bentw, 8
beoprv, 10
beorsv, 11
beorsw, 12
beosx, 5
bfilnotu, 30
bghortu, 22
bginru, 12
bginuy, 7
bhmorsu, 15
blmosy, 5
blnow, 4
bmpu, 2
cdefinr, 22
cdehilnr, 26
cdehk, 3
cdehlsu, 19
cdeijpru, 14
cdeikp, 8
cdeilnps, 40
cdeilor, 23
cdeimn, 13
cdeinoprst, 149
cdeinortu, 68
cdeiorsvy, 44
cdeirtv, 18
cdelnort, 42
cdelru, 7
cdemnor, 24
cdeopru, 22
cdfiltu, 9
cdhit, 4
cdinoprtu, 51
cdinosu, 15
cdko, 3
cdku, 1
cdlou, 6
cdmnopu, 12
cefhis, 9
cefhlru, 11
cefhnr, 8
cefinos, 22
cefips, 7
cefklr, 4
cefprt, 6
ceginorz, 24
cegintx, 13
cehikn, 10
cehiprt, 19
cehirst, 27
cehklu, 5
cehkst, 7
cehlost, 32
cehopry, 19
cehoruv, 15
cehosu, 16
cehrsu, 13
ceijnoprt, 51
ceikns, 14
ceikt, 4
ceilnrsy, 22
ceilnst, 28
ceilnuy, 12
ceimntx, 13
ceimopst, 36
ceinoprstu, 147
ceinotv, 23
ceintz, 6
ceirtz, 4
ceklnu, 6
cekrw, 4
celmopty, 26
celmopx, 9
celmow, 6
celnsu, 11
celntx, 4
celopst, 27
celorsu, 22
celprstu, 38
cemnorsu, 37
cemosty, 15
cemotu, 8
cenotx, 11
cenqsu, 8
ceptx, 2
cfilnot, 24
cfinosu, 15
cfinotu, 22
cfloru, 12
cghlopsy, 14
cghou, 4
chikt, 4
chiorst, 21
chiw, 1
chkos, 6
chotu, 7
ciklquy, 4
cikst, 6
cimnotuy, 24
ciorstuy, 25
ckno, 3
ckor, 3
ckrtu, 2
ckstu, 5
clnow, 5
closw, 4
cmostu, 11
cnortuy, 20
cnorw, 7
defilnty, 30
definrt, 26
deflnoruw, 57
defmor, 17
deghnory, 24
degilnopv, 50
degilnotu, 57
degilnw, 25
deginr, 17
degiopr, 21
degistv, 16
degklnow, 30
deglpu, 10
dehiru, 8
dehlorsu, 46
dehmot, 13
dehnrtu, 19
dehostu, 26
dehosw, 16
dehprs, 10
dehpsu, 12
deikl, 5
deikns, 18
deilmp, 9
deilors, 30
deimnst, 28
deimprt, 20
deinrw, 17
deioprv, 19
deiorw, 16
deiox, 3
dejkr, 2
dejmpu, 4
delmoy, 8
delnrty, 11
delostu, 26
delpux, 6
denorstu, 53
dentx, 4
deosux, 9
dfilosy, 16
dfimoy, 7
dghortu, 21
dginru, 10
dginstuy, 17
dhilnop, 18
dhirt, 5
dhitw, 4
diknr, 5
dilqu, 2
dinosv, 10
dlopruy, 17
dnopsu, 14
dorsw, 7
efghirt, 23
efgiln, 11
efginort, 45
efgiru, 6
efglortu, 34
efhilms, 22
efhlnpsu, 29
efhlopu, 18
efhlpuy, 11
efhrtu, 10
efikn, 4
efilst, 21
efinoprs, 39
efinrtu, 20
efinstu, 23
efiprx, 4
efirtux, 11
efiw, 4
efklor, 8
eflmory, 16
efmopr, 15
efnortu, 29
efnqrtu, 12
efosx, 5
eghimnost, 75
eghitw, 13
eghnou, 14
eghrsu, 15
egilnor, 24
egilnps, 24
egilprv, 11
eginpqu, 10
egjlnu, 5
eglnpu, 7
egmnortv, 35
egnoxy, 7
egrw, 3
ehiknrt, 16
ehilost, 35
ehilstw, 34
ehinw, 8
ehlmstv, 18
ehlow, 9
ehmnotw, 31
ehnorst, 39
ehorsw, 20
ehorvw, 14
eijlnuv, 8
eiklnprs, 23
eiklnrw, 15
eikly, 3
eikrst, 12
eilmnsy, 18
eilnopsx, 35
eilotv, 11
eilqrsu, 12
eimnpqtu, 20
eimnprtx, 20
eimnrstu, 42
eimorstu, 44
eimrsty, 21
eimrtux, 7
einrsuv, 21
einrtw, 13
eirsuz, 9
eirvw, 7
ejlrwy, 5
ejnoy, 3
eklwy, 5
ekmnoy, 10
ekmstu, 11
ekops, 5
ekorsw, 10
elmnst, 16
elmoprtu, 41
elmrtxy, 9
elnortuv, 35
elnpty, 7
eloprx, 7
elostw, 18
elosvw, 10
elovy, 2
elowy, 3
elpuz, 3
eltvw, 6
enoptx, 15
enorvy, 9
enstvy, 11
entwy, 6
eoprw, 8
eortw, 10
eprsx, 2
eqrstu, 9
fghilt, 13
fghlotu, 15
fhist, 11
fhortu, 14
filmpsy, 8
fimnoru, 20
fistw, 7
fisux, 5
fjlouy, 6
flosty, 10
ghinop, 12
ghinruy, 11
ghlortuy, 23
ghortw, 13
giknt, 4
gilmpr, 4
gilorty, 12
giltuy, 2
gimnsw, 10
ginopst, 29
ginprs, 9
ginrtw, 7
ginrty, 7
glorw, 5
gnorst, 12
gnorw, 8
gopru, 8
hiknrs, 6
hilmnot, 18
hilrw, 3
himprtu, 10
hinorz, 7
hinpsu, 12
hiorsty, 21
hiotuw, 10
hipw, 1
hkno, 3
hmrty, 2
hnosw, 9
iklm, 1
ikmnpu, 4
iknst, 6
ilmptuy, 9
ilow, 3
inoprtuy, 36
iquz, 1
irstw, 5
istxy, 5
jlot, 3
jstu, 2
knsu, 3
ksy, 1
lopw, 3
lostv, 5
loswy, 2
lpsuy, 7
mortw, 9